CALL ID,CALLS,DISPOSITION,TALK TIME,Devolutiva,Custom.Numero_CAP,Custom.Transfer_NPS,Custom.NPS_Solicitacao,Custom.NPS_Nota,DATE,Custom.Analista
300000006345,1,Ligação Muda,00:00:13,,10000000101002,N,,,2025/02/28,
300000006346,1,Chamada Não Atendida,,Cli,10000000100920,N,,,2025/02/28,
300000006347,1,Chamada Não Atendida,,Cli,10000000100920,N,,,2025/02/28,
300000006348,1,URA Pesquisa NPS,00:05:35,VE,10000000101118,S,Sim,10.0,2025/02/28,Email5371
300000006349,1,Chamada Não Atendida,00:00:07,VE,10000000100929,N,,,2025/02/28,
300000006350,1,Chamada Não Atendida,00:00:05,VE,,N,,,2025/02/28,
300000006351,1,URA Pesquisa NPS,00:02:21,VE,10000000100928,S,Sim,10.0,2025/02/28,Email1768
300000006352,1,Chamada Não Atendida,,Cli,10000000100920,N,,,2025/02/28,
300000006353,1,Ocupado,,Cli,10000000100920,N,,,2025/02/28,
300000006354,1,Chamada Não Atendida,,VE,1000000099637,N,,,2025/02/28,
300000006355,1,Chamada Não Atendida,00:00:21,VE,,N,,,2025/02/28,
300000006356,1,Chamada Não Atendida,,VE,,N,,,2025/02/28,
300000006357,1,Caixa Postal,,,,N,,,2025/02/28,
300000006358,1,Caixa Postal,00:00:10,VE ,,N,,,2025/02/28,
300000006359,1,URA Pesquisa NPS,00:03:25,VE,10000000100813,S,Sim,10.0,2025/02/28,Email5371
300000006360,1,URA Pesquisa NPS,00:03:36,Cli,1000000097541,S,Sim,9.0,2025/02/28,Email19156
300000006361,1,Chamada Não Atendida,00:00:04,VE,1000000098444,N,,,2025/02/28,
300000006362,1,Chamada Não Atendida,,VE,1000000098444,N,,,2025/02/28,
300000006363,1,Caixa Postal,,VE,,N,,,2025/02/28,
300000006364,1,Caixa Postal,,VE,,N,,,2025/02/28,
300000006365,1,URA Pesquisa NPS,00:01:30,CLI,10000000101213,S,,,2025/02/28,Email364
300000006366,1,Caixa Postal,,VE,,N,,,2025/02/28,
300000006367,1,Informação,,,,N,,,2025/02/28,
300000006368,1,Contato de Finalizacao do Protocolo,00:03:27,C,10000000100928,N,,,2025/02/28,
300000006369,1,URA Pesquisa NPS,00:01:02,VE,10000000100672,S,Sim,10.0,2025/02/28,Email329
300000006370,1,URA Pesquisa NPS,00:04:07,VE,1000000097755,S,Sim,10.0,2025/02/28,Email329
300000006371,1,Contato de Finalizacao do Protocolo,00:02:03,Cli,10000000100968,N,,,2025/02/28,
300000006372,1,Caixa Postal,00:00:00,Cli,1000000099857,N,,,2025/02/28,
300000006373,1,URA Pesquisa NPS,00:00:46,VE,10000000101107,S,Sim,9.0,2025/02/28,Email1768
300000006374,1,Caixa Postal,00:00:04,ve,10000000101070,N,,,2025/02/28,
300000006375,1,Caixa Postal,00:00:10,ve,,N,,,2025/02/28,
300000006376,1,URA Pesquisa NPS,00:01:01,VE,10000000101082,S,Sim,10.0,2025/02/28,Email1768
300000006377,1,Caixa Postal,,VE,,N,,,2025/02/28,
300000006378,1,Caixa Postal,00:00:02,VE,,N,,,2025/02/28,
300000006379,1,Caixa Postal,,VE,10000000101083,N,,,2025/02/28,
300000006380,1,Caixa Postal,00:00:03,,,N,,,2025/02/28,
300000006381,1,URA Pesquisa NPS,00:00:53,VE,10000000101090,S,Sim,10.0,2025/02/28,Email1768
300000006382,1,Caixa Postal,00:03:54,VE,,N,,,2025/02/28,
300000006383,1,Caixa Postal,00:04:45,VE,,N,,,2025/02/28,
300000006384,1,URA Pesquisa NPS,00:12:04,VE,1000000078492,S,Nao,,2025/02/28,Email5371
300000006385,1,Chamada Não Atendida,00:00:01,VE,10000000100681,N,,,2025/02/28,
300000006386,1,Chamada Não Atendida,,VE,,N,,,2025/02/28,
300000006387,1,URA Pesquisa NPS,00:00:44,VE,10000000101067,S,Sim,10.0,2025/02/28,Email5371
300000006388,1,Protocolo Permanecera em Andamento,00:01:01,VE,10000000100027,N,,,2025/02/28,
300000006389,1,Caixa Postal,00:00:05,VE,10000000100971,N,,,2025/02/28,
300000006390,1,Caixa Postal,00:00:05,,,N,,,2025/02/28,
300000006391,1,Informação,00:16:10,CLI,1000000099346,N,,,2025/02/28,
300000006392,1,URA Pesquisa NPS,00:02:40,VE,10000000100681,S,Sim,9.0,2025/02/28,Email1768
300000006393,1,Caixa Postal,00:00:01,,,N,,,2025/02/28,
300000006394,1,Caixa Postal,,,,N,,,2025/02/28,
300000006395,1,Informação,00:01:18,Cliente,10000000101970,N,,,2025/02/27,
300000006396,1,URA Pesquisa NPS,00:02:24,cli,10000000101672,S,Sim,10.0,2025/02/27,Email296
300000006397,1,Ocupado,,Cliente,10000000100972,N,,,2025/02/27,
300000006398,1,Contato de Finalizacao do Protocolo,00:01:35,,,N,,,2025/02/27,
300000006399,1,Contato de Finalizacao do Protocolo,00:19:12,VE,10000000100972,N,,,2025/02/27,
300000006400,1,Protocolo Permanecera em Andamento,00:02:57,VE,10000000106878,N,,,2025/02/27,
300000006401,1,Caixa Postal,00:00:09,CLI,10000000101963,N,,,2025/02/27,
300000006402,1,Chamada Não Atendida,00:00:04,VE,10000000100350,N,,,2025/02/27,
300000006403,1,Chamada Não Atendida,00:00:04,VE,10000000100350,N,,,2025/02/27,
300000006404,1,URA Pesquisa NPS,00:14:39,cli,10000000101658,S,,,2025/02/27,Email19156
300000006405,1,Caixa Postal,00:00:10,Cli,10000000100505,N,,,2025/02/27,
300000006406,1,URA Pesquisa NPS,00:10:17,CLI,1000000098631,S,,,2025/02/27,Email11179
300000006407,1,URA Pesquisa NPS,00:00:48,CLI,10000000101932,S,Sim,10.0,2025/02/27,Email48439
300000006408,1,Informação,,ve,10000000100988,N,,,2025/02/27,
300000006409,1,Informação,00:02:08,ve,10000000100988,N,,,2025/02/27,
300000006410,1,Caixa Postal,00:00:02,CLI ,10000000101785,N,,,2025/02/27,
300000006411,1,Caixa Postal,,CLI ,10000000101786,N,,,2025/02/27,
300000006412,1,Caixa Postal,00:00:06,ve,10000000101653,N,,,2025/02/27,
300000006413,1,Chamada Não Atendida,,VE,,N,,,2025/02/27,
300000006414,1,Chamada Não Atendida,00:01:25,CLI ,10000000101505,N,,,2025/02/27,
300000006415,1,Caixa Postal,00:00:08,ve,10000000101653,N,,,2025/02/27,
300000006416,1,Caixa Postal,,VE,10000000100357,N,,,2025/02/27,
300000006417,1,Chamada Não Atendida,,VE ,10000000101293,N,,,2025/02/27,
300000006418,1,URA Pesquisa NPS,00:00:57,CLI ,1000000098557,S,,,2025/02/27,Email372
300000006419,1,Informação,,VE,,N,,,2025/02/27,
300000006420,1,Chamada Não Atendida,00:00:04,VE,10000000101730,N,,,2025/02/27,
300000006421,1,URA Pesquisa NPS,00:04:08,VE,1000000098393,S,Sim,10.0,2025/02/27,Email329
300000006422,1,URA Pesquisa NPS,00:00:59,VE,10000000101819,S,,,2025/02/27,Email5371
300000006423,1,URA Pesquisa NPS,00:03:01,VE,10000000101997,S,Sim,9.0,2025/02/27,Email364
300000006424,1,URA Pesquisa NPS,00:01:31,VE ,10000000101968,S,Sim,10.0,2025/02/27,Email4194
300000006425,1,Caixa Postal,00:00:14,,,N,,,2025/02/27,
300000006426,1,URA Pesquisa NPS,00:02:20,,,S,Sim,10.0,2025/02/27,Email19156
300000006427,1,Protocolo Permanecera em Andamento,00:01:45,VE,10000000101118,N,,,2025/02/27,
300000006428,1,Caixa Postal,00:00:10,Cliente ,10000000101178,N,,,2025/02/26,
300000006429,1,Caixa Postal,,Cliente ,10000000101178,N,,,2025/02/26,
300000006430,1,Ocupado,,Cliente ,10000000101178,N,,,2025/02/26,
300000006431,1,Sent To Voicemail,00:29:32,cli,10000000102050,S,Sim,10.0,2025/02/26,Email5371
300000006432,1,URA Pesquisa NPS,00:01:12,,1000000099259,S,Sim,,2025/02/26,Email48442
300000006433,1,Informação,,Cli,,N,,,2025/02/26,
300000006434,1,Chamada Não Atendida,,Cliente,10000000102723,N,,,2025/02/26,
300000006435,1,URA Pesquisa NPS,00:01:04,Cliente,,S,Sim,10.0,2025/02/26,Email296
300000006436,1,URA Pesquisa NPS,00:02:11,VE,10000000102542,S,Sim,9.0,2025/02/26,Email1768
300000006437,1,URA Pesquisa NPS,00:02:02,VE,10000000102051,S,Sim,10.0,2025/02/26,Email1768
300000006438,1,Chamada Não Atendida,,,,N,,,2025/02/26,
300000006439,1,Chamada Não Atendida,,VE,,N,,,2025/02/26,
300000006440,1,Caixa Postal,00:00:01,VE,10000000102045,N,,,2025/02/26,
300000006441,1,Ligação Muda,,VE,10000000102046,N,,,2025/02/26,
300000006442,1,Informação,00:01:02,VE,10000000102046,N,,,2025/02/26,
300000006443,1,Informação,00:00:05,VE,10000000101066,N,,,2025/02/26,
300000006444,1,Informação,00:00:28,VE,,N,,,2025/02/26,
300000006445,1,Caixa Postal,,,,N,,,2025/02/26,
300000006446,1,Caixa Postal,,VE,10000000100984,N,,,2025/02/26,
300000006447,1,Informação,00:00:01,Cliente ,,N,,,2025/02/26,
300000006448,1,Informação,,Cliente ,,N,,,2025/02/26,
300000006449,1,Informação,,Cliente ,,N,,,2025/02/26,
300000006450,1,Ocupado,,Cli,1000000099857,N,,,2025/02/26,
300000006451,1,Caixa Postal,,Cli,1000000099857,N,,,2025/02/26,
300000006452,1,Chamada Não Atendida,,VE,10000000102102,N,,,2025/02/26,
300000006453,1,Ocupado,,Cli,1000000099857,N,,,2025/02/26,
300000006454,1,Caixa Postal,00:00:04,Cli,1000000099857,N,,,2025/02/26,
300000006455,1,Chamada Não Atendida,,VE,10000000102102,N,,,2025/02/26,
300000006456,1,Caixa Postal,,,,N,,,2025/02/26,
300000006457,1,Caixa Postal,,,,N,,,2025/02/26,
300000006458,1,Cliente Desligou,00:00:19,,,N,,,2025/02/26,
300000006459,1,URA Pesquisa NPS,00:01:38,VE,10000000102102,S,Sim,10.0,2025/02/26,Email1768
300000006460,1,Dados do vendedor,,VE,1000000097556,N,,,2025/02/26,
300000006461,1,Chamada Não Atendida,00:00:04,VE,10000000102393,N,,,2025/02/26,
300000006462,1,Informação,,,,N,,,2025/02/26,
300000006463,1,Informação,00:00:00,ve,,N,,,2025/02/26,
300000006464,1,Caixa Postal,00:00:18,CLI,10000000102705,N,,,2025/02/26,
300000006465,1,Informação,,ve,,N,,,2025/02/26,
300000006466,1,Caixa Postal,00:00:03,Vendedor ,,N,,,2025/02/26,
300000006467,1,Caixa Postal,,Vendedor ,,N,,,2025/02/26,
300000006468,1,Chamada Não Atendida,00:00:03,VE,1000000099958,N,,,2025/02/26,
300000006469,1,Chamada Não Atendida,,VE,1000000099958,N,,,2025/02/26,
300000006470,1,Informação,00:01:40,Cli,,N,,,2025/02/26,
300000006471,1,Não Atende,,Cliente,10000000103228,N,,,2025/02/25,
300000006472,1,Ligação Muda,,Cli,1000000099896,N,,,2025/02/25,
300000006473,1,Ligação Muda,,Cli,1000000099896,N,,,2025/02/25,
300000006474,1,Ligação Muda,,Cli,,N,,,2025/02/25,
300000006475,1,Caixa Postal,00:00:03,,,N,,,2025/02/25,
300000006476,1,Informação,00:00:05,VE,10000000102884,N,,,2025/02/25,
300000006477,1,URA Pesquisa NPS,00:01:21,VE,10000000102884,S,Sim,10.0,2025/02/25,Email5371
300000006478,1,Caixa Postal,00:00:03,VE,,N,,,2025/02/25,
300000006479,1,Informação,00:00:03,VE,,N,,,2025/02/25,
300000006480,1,URA Pesquisa NPS,00:03:56,VE ,10000000103321,S,Sim,10.0,2025/02/25,Email5371
300000006481,1,Informação,00:00:05,,,N,,,2025/02/25,
300000006482,1,Caixa Postal,00:00:10,,,N,,,2025/02/25,
300000006483,1,Caixa Postal,,,,N,,,2025/02/25,
300000006484,1,Caixa Postal,00:00:02,,,N,,,2025/02/25,
300000006485,1,Caixa Postal,00:00:05,,,N,,,2025/02/25,
300000006486,1,Caixa Postal,00:00:04,Cli,,N,,,2025/02/25,
300000006487,1,Informação,00:00:04,Cli,,N,,,2025/02/25,
300000006488,1,Chamada Não Atendida,00:00:04,Vendedor,10000000103424,N,,,2025/02/25,
300000006489,1,Chamada Não Atendida,,Vendedor,10000000103424,N,,,2025/02/25,
300000006490,1,Caixa Postal,00:00:03,,,N,,,2025/02/25,
300000006491,1,Cliente Desligou,00:01:19,VE,10000000102782,N,,,2025/02/25,
300000006492,1,URA Pesquisa NPS,00:01:12,Cliente,10000000103471,S,Sim,10.0,2025/02/25,Email8754
300000006493,1,Chamada Não Atendida,,ve,10000000100988,N,,,2025/02/25,
300000006494,1,Chamada Não Atendida,,ve,10000000100988,N,,,2025/02/25,
300000006495,1,Chamada Não Atendida,,ve,10000000100988,N,,,2025/02/25,
300000006496,1,Chamada Não Atendida,,ve,10000000100988,N,,,2025/02/25,
300000006497,1,Não Atende,00:00:17,,,N,,,2025/02/25,
300000006498,1,Chamada Não Atendida,00:00:21,VE,,N,,,2025/02/25,
300000006499,1,Protocolo Permanecera em Andamento,00:08:44,Cli,10000000101925,N,,,2025/02/25,
300000006500,1,Informação,,,,N,,,2025/02/25,
300000006501,1,Sent To Voicemail,00:02:34,CLI,10000000100369,S,Sim,1.0,2025/02/25,Email11179
300000006502,1,Informação,,VE,,N,,,2025/02/25,
300000006503,1,Informação,00:01:23,VE,10000000102467,N,,,2025/02/25,
300000006504,1,Caixa Postal,00:00:05,VE,10000000102467,N,,,2025/02/25,
300000006505,1,Informação,00:01:11,VE,,N,,,2025/02/25,
300000006506,1,URA Pesquisa NPS,00:02:17,VE,,S,,,2025/02/25,Email19156
300000006507,1,Chamada Não Atendida,00:00:09,VE,10000000104001,N,,,2025/02/24,
300000006508,1,Chamada Não Atendida,00:00:04,VE,10000000104001,N,,,2025/02/24,
300000006509,1,Chamada Não Atendida,00:00:13,VE,10000000104001,N,,,2025/02/24,
300000006510,1,Caixa Postal,00:00:00,VE,10000000103540,N,,,2025/02/24,
300000006511,1,Informação,00:01:57,Clie,,N,,,2025/02/24,
300000006512,1,Caixa Postal,00:00:01,VE,10000000103540,N,,,2025/02/24,
300000006513,1,Informação,00:01:21,VE,10000000104225,N,,,2025/02/24,
300000006514,1,Chamada Não Atendida,,VE,10000000104229,N,,,2025/02/24,
300000006515,1,Caixa Postal,00:00:01,VE,10000000104229,N,,,2025/02/24,
300000006516,1,URA Pesquisa NPS,00:04:14,VE,10000000103917,S,,,2025/02/24,Email19156
300000006517,1,Caixa Postal,,VE,,N,,,2025/02/24,
300000006518,1,Não Atende,,VE,10000000104023,N,,,2025/02/24,
300000006519,1,Ocupado,,VE,,N,,,2025/02/24,
300000006520,1,Caixa Postal,00:00:10,Cli,10000000100503,N,,,2025/02/24,
300000006521,1,Caixa Postal,00:00:06,Cli,10000000100503,N,,,2025/02/24,
300000006522,1,URA Pesquisa NPS,00:01:16,VE,10000000103544,S,Sim,,2025/02/24,Email4355
300000006523,1,Informação,00:00:10,VE,10000000103549,N,,,2025/02/24,
300000006524,1,URA Pesquisa NPS,00:01:36,cli,10000000105422,S,Sim,9.0,2025/02/24,Email372
300000006525,1,Contato de Finalizacao do Protocolo,00:02:32,ve,10000000101653,N,,,2025/02/24,
300000006526,1,Informação,00:00:11,cli,10000000103427,N,,,2025/02/24,
300000006527,1,Contato de Finalizacao do Protocolo,00:02:09,VE,10000000101653,N,,,2025/02/24,
300000006528,1,URA Pesquisa NPS,00:03:14,VE,10000000104115,S,Sim,10.0,2025/02/24,Email5371
300000006529,1,URA Pesquisa NPS,00:06:24,VE,10000000104268,S,Sim,9.0,2025/02/24,Email1768
300000006530,1,Caixa Postal,,CLI,10000000104204,N,,,2025/02/24,
300000006531,1,Caixa Postal,00:00:02,CLI,10000000104204,N,,,2025/02/24,
300000006532,1,Protocolo Permanecera em Andamento,00:07:33,Cli,10000000104212,N,,,2025/02/24,
300000006533,1,URA Pesquisa NPS,00:00:52,VE,10000000100545,S,Sim,,2025/02/24,Email296
300000006534,1,Informação,00:01:50,VE,,N,,,2025/02/24,
300000006535,1,Caixa Postal,00:00:04,VE,10000000103116,N,,,2025/02/24,
300000006536,1,Caixa Postal,00:00:01,VE,,N,,,2025/02/24,
300000006537,1,URA Pesquisa NPS,00:07:38,cli,10000000104242,S,,,2025/02/24,Email4194
300000006538,1,Caixa Postal,00:00:02,Vendedor,,N,,,2025/02/24,
300000006539,1,Caixa Postal,00:00:03,Vendedor,,N,,,2025/02/24,
300000006540,1,URA Pesquisa NPS,00:03:49,VE,10000000104270,S,Sim,10.0,2025/02/24,Email4355
300000006541,1,Chamada Não Atendida,,Cli,1000000099896,N,,,2025/02/24,
300000006542,1,Chamada Não Atendida,00:00:04,VE,10000000102884,N,,,2025/02/24,
300000006543,1,Chamada Não Atendida,,VE,10000000102884,N,,,2025/02/24,
300000006544,1,URA Pesquisa NPS,00:07:11,cli,10000000103223,S,Sim,10.0,2025/02/24,Email11179
300000006545,1,Informação,,cli,,N,,,2025/02/21,
300000006546,1,Contato de Finalizacao do Protocolo,00:00:05,VE,10000000104711,N,,,2025/02/21,
300000006547,1,Caixa Postal,,VE,,N,,,2025/02/21,
300000006548,1,Caixa Postal,00:00:04,VE,,N,,,2025/02/21,
300000006549,1,Caixa Postal,00:00:10,VE,,N,,,2025/02/21,
300000006550,1,Informação,00:00:10,,,N,,,2025/02/21,
300000006551,1,Informação,00:06:01,VE,10000000104322,N,,,2025/02/21,
300000006552,1,Informação,,,,N,,,2025/02/21,
300000006553,1,Chamada Não Atendida,,,,N,,,2025/02/21,
300000006554,1,URA Pesquisa NPS,00:00:43,VE,10000000104796,S,Sim,10.0,2025/02/21,Email288
300000006555,1,Caixa Postal,00:00:01,Vendedor ,10000000104748,N,,,2025/02/21,
300000006556,1,URA Pesquisa NPS,00:01:23,VE,10000000103999,S,Sim,10.0,2025/02/21,Email1768
300000006557,1,Não Atende,,Cliente,10000000104748,N,,,2025/02/21,
300000006558,1,Não Atende,,VE,10000000104737,N,,,2025/02/21,
300000006559,1,URA Pesquisa NPS,00:04:10,VE,10000000104330,S,Sim,9.0,2025/02/21,Email4355
300000006560,1,Informação,00:00:03,Clie,,N,,,2025/02/21,
300000006561,1,Informação,00:00:28,cli,10000000103223,N,,,2025/02/21,
300000006562,1,Ocupado,,VE,,N,,,2025/02/21,
300000006563,1,URA Pesquisa NPS,00:04:39,VE,10000000104632,S,Sim,10.0,2025/02/21,Email1768
300000006564,1,Caixa Postal,00:00:01,VE,10000000103532,N,,,2025/02/21,
300000006565,1,Caixa Postal,,,10000000102040,N,,,2025/02/21,
300000006566,1,Caixa Postal,,,10000000102040,N,,,2025/02/21,
300000006567,1,Contato de Finalizacao do Protocolo,,VE,,N,,,2025/02/21,
300000006568,1,Informação,,VE,,N,,,2025/02/21,
300000006569,1,Sent To Voicemail,00:02:12,VE,10000000104941,S,Sim,10.0,2025/02/21,Email5371
300000006570,1,Informação,,VE,,N,,,2025/02/21,
300000006571,1,Informação,,VE,10000000104662,N,,,2025/02/21,
300000006572,1,Informação,,VE,,N,,,2025/02/21,
300000006573,1,Informação,,VE,,N,,,2025/02/21,
300000006574,1,Caixa Postal,,cli,,N,,,2025/02/21,
300000006575,1,Chamada Não Atendida,,VE,10000000257941,N,,,2025/02/21,
300000006576,1,Chamada Não Atendida,,VE,10000000104759,N,,,2025/02/21,
300000006577,1,Informação,,VE,10000000257941,N,,,2025/02/21,
300000006578,1,Caixa Postal,,cli,,N,,,2025/02/21,
300000006579,1,Chamada Não Atendida,,VE,,N,,,2025/02/21,
300000006580,1,Caixa Postal,,cli,,N,,,2025/02/21,
300000006581,1,Chamada Não Atendida,,VE,1000000098215,N,,,2025/02/21,
300000006582,1,Caixa Postal,00:00:13,,,N,,,2025/02/20,
300000006583,1,Caixa Postal,00:00:09,,,N,,,2025/02/20,
300000006584,1,Protocolo Permanecera em Andamento,00:01:01,VE,10000000103999,N,,,2025/02/20,
300000006585,1,Caixa Postal,00:00:00,VE,,N,,,2025/02/20,
300000006586,1,Caixa Postal,00:00:01,VE,,N,,,2025/02/20,
300000006587,1,Caixa Postal,00:00:50,,,N,,,2025/02/20,
300000006588,1,Caixa Postal,,VE,10000000105412,N,,,2025/02/20,
300000006589,1,Caixa Postal,00:00:08,Cli,10000000105607,N,,,2025/02/20,
300000006590,1,URA Pesquisa NPS,00:02:16,Cli,10000000105607,S,Sim,10.0,2025/02/20,Email1615
300000006591,1,Informação,00:00:09,Ve,,N,,,2025/02/20,
300000006592,1,Caixa Postal,,,,N,,,2025/02/20,
300000006593,1,Caixa Postal,00:00:05,,,N,,,2025/02/20,
300000006594,1,Caixa Postal,00:00:11,,,N,,,2025/02/20,
300000006595,1,Contato de Finalizacao do Protocolo,00:06:17,VE,,N,,,2025/02/20,
300000006596,1,URA Pesquisa NPS,00:01:58,VE,10000000105062,S,Sim,10.0,2025/02/20,Email364
300000006597,1,Não Atende,,VE,10000000105417,N,,,2025/02/20,
300000006598,1,Caixa Postal,,cli,10000000105633,N,,,2025/02/20,
300000006599,1,URA Pesquisa NPS,00:01:58,VE,10000000105340,S,,,2025/02/20,Email19156
300000006600,1,Caixa Postal,00:00:00,VE,10000000105660,N,,,2025/02/20,
300000006601,1,Caixa Postal,00:00:16,VE,,N,,,2025/02/20,
300000006602,1,Caixa Postal,00:00:02,VE,,N,,,2025/02/20,
300000006603,1,Sent To Voicemail,00:04:25,Ve,10000000105517,S,Nao,10.0,2025/02/20,Email5371
300000006604,1,Ligação Muda,00:00:14,,,N,,,2025/02/20,
300000006605,1,Ligação Muda,00:00:14,,,N,,,2025/02/20,
300000006606,1,Sent To Voicemail,00:04:05,VE,10000000104759,S,Sim,1.0,2025/02/20,Email1768
300000006607,1,Caixa Postal,00:00:02,Vendedor,10000000105418,N,,,2025/02/20,
300000006608,1,Caixa Postal,,Vendedor,10000000105418,N,,,2025/02/20,
300000006609,1,Chamada Não Atendida,00:00:03,CLI ,10000000105023,N,,,2025/02/20,
300000006610,1,Caixa Postal,,VE,,N,,,2025/02/20,
300000006611,1,Caixa Postal,,VE,,N,,,2025/02/20,
300000006612,1,URA Pesquisa NPS,00:02:10,Cli,10000000105637,S,Sim,8.0,2025/02/20,Email1768
300000006613,1,Informação,00:00:01,VE,10000000105479,N,,,2025/02/20,
300000006614,1,Informação,00:00:54,CLI,10000000105660,N,,,2025/02/20,
300000006615,1,Informação,00:00:03,VE,10000000105059,N,,,2025/02/20,
300000006616,1,URA Pesquisa NPS,00:01:26,VE,10000000105487,S,Sim,,2025/02/20,Email5371
300000006617,1,Informação,,CLI ,,N,,,2025/02/20,
300000006618,1,Informação,00:00:08,VE,,N,,,2025/02/20,
300000006619,1,Caixa Postal,,VE,10000000104737,N,,,2025/02/20,
300000006620,1,Informação,00:00:04,CLI ,,N,,,2025/02/20,
300000006621,1,URA Pesquisa NPS,00:08:23,VE,10000000105641,S,Sim,,2025/02/20,Email5371
300000006622,1,Informação,00:00:59,VE,10000000104645,N,,,2025/02/20,
300000006623,1,Informação,00:22:30,cli,10000000103223,N,,,2025/02/20,
300000006624,1,Caixa Postal,,VE,,N,,,2025/02/20,
300000006625,1,Caixa Postal,,VE,,N,,,2025/02/20,
300000006626,1,Chamada Não Atendida,00:00:06,VE,10000000105710,N,,,2025/02/19,
300000006627,1,Chamada Não Atendida,00:00:04,VE,10000000105710,N,,,2025/02/19,
300000006628,1,Responsavel ausente,,VE,,N,,,2025/02/19,
300000006629,1,Chamada Não Atendida,,VE,10000000104021,N,,,2025/02/19,
300000006630,1,URA Pesquisa NPS,00:11:43,Cli,10000000106149,S,Sim,10.0,2025/02/19,Email11179
300000006631,1,Informação,00:00:31,cli,10000000257941,N,,,2025/02/19,
300000006632,1,Chamada Não Atendida,00:00:42,cli,10000000257941,N,,,2025/02/19,
300000006633,1,Caixa Postal,00:00:05,Cli,10000000106047,N,,,2025/02/19,
300000006634,1,URA Pesquisa NPS,00:01:30,VE,10000000105871,S,Sim,10.0,2025/02/19,Email4355
300000006635,1,Chamada Não Atendida,00:00:04,VE,10000000106160,N,,,2025/02/19,
300000006636,1,Informação,00:00:00,VE,,N,,,2025/02/19,
300000006637,1,Chamada Não Atendida,00:00:04,VE,10000000106160,N,,,2025/02/19,
300000006638,1,URA Pesquisa NPS,00:03:21,cli,1000000098558,S,Sim,10.0,2025/02/19,Email4355
300000006639,1,Caixa Postal,,VE,10000000103919,N,,,2025/02/19,
300000006640,1,Chamada Não Atendida,,VE,,N,,,2025/02/19,
300000006641,1,Dados incorretos do cliente,00:00:11,CLI ,10000000106276,N,,,2025/02/19,
300000006642,1,Chamada Não Atendida,,VE,10000000106276,N,,,2025/02/19,
300000006643,1,Caixa Postal,00:00:06,CLI,10000000106121,N,,,2025/02/19,
300000006644,1,Protocolo Permanecera em Andamento,00:01:45,Cli,10000000105708,N,,,2025/02/19,
300000006645,1,Caixa Postal,00:00:06,Cli,,N,,,2025/02/19,
300000006646,1,URA Pesquisa NPS,00:02:42,VE,10000000106138,S,Sim,10.0,2025/02/19,Email329
300000006647,1,URA Pesquisa NPS,00:04:23,VE,10000000105712,S,Sim,10.0,2025/02/19,Email5371
300000006648,1,Contato de Finalizacao do Protocolo,00:01:43,VE,10000000103998,N,,,2025/02/19,
300000006649,1,Contato de Finalizacao do Protocolo,00:02:52,VE,10000000103998,N,,,2025/02/19,
300000006650,1,Dados incorretos do cliente,,VE,10000000257941,N,,,2025/02/19,
300000006651,1,Cliente Desligou,00:00:11,Cli,10000000106335,N,,,2025/02/19,
300000006652,1,Protocolo Permanecera em Andamento,00:03:57,Cli,10000000106335,N,,,2025/02/19,
300000006653,1,Chamada Não Atendida,,VE,10000000106124,N,,,2025/02/19,
300000006654,1,Chamada Não Atendida,00:00:03,VE,10000000106124,N,,,2025/02/19,
300000006655,1,Chamada Não Atendida,,VE,10000000103916,N,,,2025/02/19,
300000006656,1,Protocolo Permanecera em Andamento,00:01:49,VE,10000000103916,N,,,2025/02/19,
300000006657,1,URA Pesquisa NPS,00:03:13,cli,,S,,,2025/02/19,Email48438
300000006658,1,Informação,00:03:15,cli,,N,,,2025/02/19,
300000006659,1,Chamada Não Atendida,,VE,10000000102466,N,,,2025/02/19,
300000006660,1,Chamada Não Atendida,,VE,,N,,,2025/02/19,
300000006661,1,Informação,00:00:35,Cli,,N,,,2025/02/19,
300000006662,1,Protocolo Permanecera em Andamento,00:01:23,VE,10000000104711,N,,,2025/02/19,
300000006663,1,Não Atende,,VE,,N,,,2025/02/19,
300000006664,1,Informação,00:00:01,VE,10000000105666,N,,,2025/02/19,
300000006665,1,Caixa Postal,00:00:04,VE,,N,,,2025/02/19,
300000006666,1,Caixa Postal,,VE,10000000106139,N,,,2025/02/19,
300000006667,1,Caixa Postal,,VE,10000000106139,N,,,2025/02/19,
300000006668,1,Chamada Não Atendida,00:00:01,VE,10000000105056,N,,,2025/02/19,
300000006669,1,Contato de Finalizacao do Protocolo,00:03:59,cli,,N,,,2025/02/19,
300000006670,1,Chamada Não Atendida,00:00:05,VE,10000000105340,N,,,2025/02/19,
300000006671,1,Caixa Postal,00:00:05,VE,10000000106136,N,,,2025/02/19,
300000006672,1,Protocolo Permanecera em Andamento,00:03:00,VE,10000000105340,N,,,2025/02/19,
300000006673,1,Chamada Não Atendida,00:00:11,VE,10000000106036,N,,,2025/02/18,
300000006674,1,Caixa Postal,00:00:10,VE,10000000106036,N,,,2025/02/18,
300000006675,1,Protocolo Permanecera em Andamento,00:05:18,VE,,N,,,2025/02/18,
300000006676,1,Contato de Finalizacao do Protocolo,00:03:47,CLI,,N,,,2025/02/18,
300000006677,1,Caixa Postal,00:00:00,Cli,10000000106914,N,,,2025/02/18,
300000006678,1,Caixa Postal,00:00:00,CLI,10000000104084,N,,,2025/02/18,
300000006679,1,Protocolo Permanecera em Andamento,00:10:48,VE,10000000106878,N,,,2025/02/18,
300000006680,1,Chamada Não Atendida,,VE,10000000106115,N,,,2025/02/18,
300000006681,1,Chamada Não Atendida,,VE,10000000106115,N,,,2025/02/18,
300000006682,1,Chamada Não Atendida,00:00:01,VE,10000000106115,N,,,2025/02/18,
300000006683,1,Ocupado,,VE,10000000106115,N,,,2025/02/18,
300000006684,1,Chamada Não Atendida,00:00:04,VE,10000000106115,N,,,2025/02/18,
300000006685,1,Informação,00:06:15,VE,10000000106909,N,,,2025/02/18,
300000006686,1,Informação,00:04:40,VE,10000000106910,N,,,2025/02/18,
300000006687,1,URA Pesquisa NPS,00:03:47,VE,10000000106468,S,Sim,10.0,2025/02/18,Email45
300000006688,1,Chamada Não Atendida,00:00:05,VE,10000000106536,N,,,2025/02/18,
300000006689,1,Chamada Não Atendida,00:00:19,VE,,N,,,2025/02/18,
300000006690,1,Caixa Postal,,cli,10000000106925,N,,,2025/02/18,
300000006691,1,Caixa Postal,00:00:01,cli,10000000106925,N,,,2025/02/18,
300000006692,1,Ocupado,,VE,10000000104023,N,,,2025/02/18,
300000006693,1,Sent To Voicemail,00:02:06,VE,10000000104023,S,Sim,10.0,2025/02/18,Email329
300000006694,1,Chamada Não Atendida,,VE,,N,,,2025/02/18,
300000006695,1,Protocolo Permanecera em Andamento,00:01:49,VE,10000000106036,N,,,2025/02/18,
300000006696,1,URA Pesquisa NPS,00:02:48,CLI,10000000107139,S,Sim,10.0,2025/02/18,Email364
300000006697,1,Informação,00:00:07,CLI,,N,,,2025/02/18,
300000006698,1,Chamada Não Atendida,,VE,10000000106801,N,,,2025/02/18,
300000006699,1,Chamada Não Atendida,,VE,10000000106801,N,,,2025/02/18,
300000006700,1,Chamada Não Atendida,,VE,10000000106801,N,,,2025/02/18,
300000006701,1,URA Pesquisa NPS,00:02:26,VE,10000000106888,S,Sim,10.0,2025/02/18,Email329
300000006702,1,Chamada Não Atendida,,VE,10000000106801,N,,,2025/02/18,
300000006703,1,Chamada Não Atendida,00:00:05,VE,10000000106882,N,,,2025/02/18,
300000006704,1,Chamada Não Atendida,00:00:04,VE,,N,,,2025/02/18,
300000006705,1,Não Atende,,VE,,N,,,2025/02/18,
300000006706,1,Protocolo Permanecera em Andamento,00:02:45,VE,10000000106872,N,,,2025/02/17,
300000006707,1,Contato de Finalizacao do Protocolo,00:00:50,VE,10000000107600,N,,,2025/02/17,
300000006708,1,Ligação Muda,00:00:15,cli,,N,,,2025/02/17,
300000006709,1,URA Pesquisa NPS,00:09:59,cli,1000000098558,S,Sim,10.0,2025/02/17,Email4355
300000006710,1,Chamada Não Atendida,,VE,10000000107702,N,,,2025/02/17,
300000006711,1,Contato de Finalizacao do Protocolo,00:02:40,VE,,N,,,2025/02/17,
300000006712,1,Contato de Finalizacao do Protocolo,00:00:48,VE,,N,,,2025/02/17,
300000006713,1,Caixa Postal,00:00:04,,,N,,,2025/02/17,
300000006714,1,Caixa Postal,,,,N,,,2025/02/17,
300000006715,1,URA Pesquisa NPS,00:01:27,CLI,,S,Sim,10.0,2025/02/17,Email296
300000006716,1,Caixa Postal,,VE,,N,,,2025/02/17,
300000006717,1,Caixa Postal,00:00:10,VE,,N,,,2025/02/17,
300000006718,1,Informação,00:00:28,,,N,,,2025/02/17,
300000006719,1,Chamada Não Atendida,,VE,10000000107588,N,,,2025/02/17,
300000006720,1,Chamada Não Atendida,00:00:05,VE,10000000107588,N,,,2025/02/17,
300000006721,1,URA Pesquisa NPS,00:02:05,VE,10000000107684,S,Sim,10.0,2025/02/17,Email1768
300000006722,1,Chamada Não Atendida,00:00:04,VE,10000000106872,N,,,2025/02/17,
300000006723,1,URA Pesquisa NPS,00:05:55,VE,10000000106964,S,,,2025/02/17,Email4355
300000006724,1,Caixa Postal,00:00:04,,,N,,,2025/02/17,
300000006725,1,Caixa Postal,00:00:03,,,N,,,2025/02/17,
300000006726,1,Caixa Postal,,VE,,N,,,2025/02/17,
300000006727,1,Chamada Não Atendida,,,10000000257941,N,,,2025/02/17,
300000006728,1,Informação,,,10000000257941,N,,,2025/02/17,
300000006729,1,Caixa Postal,00:00:10,VE,10000000101040,N,,,2025/02/17,
300000006730,1,Não Atende,,CLI,10000000108034,N,,,2025/02/14,
300000006731,1,Caixa Postal,,,,N,,,2025/02/14,
300000006732,1,Chamada Não Atendida,,VE,10000000108377,N,,,2025/02/14,
300000006733,1,Protocolo Permanecera em Andamento,00:00:50,VE,10000000108377,N,,,2025/02/14,
300000006734,1,Contato de Finalizacao do Protocolo,00:01:49,VE,10000000108374,N,,,2025/02/14,
300000006735,1,URA Pesquisa NPS,00:08:49,CLI,10000000108035,S,Sim,10.0,2025/02/14,Email11179
300000006736,1,URA Pesquisa NPS,00:08:40,VE,10000000106796,S,Sim,10.0,2025/02/14,Email1768
300000006737,1,URA Pesquisa NPS,00:07:57,VE,10000000108709,S,Sim,10.0,2025/02/14,Email4355
300000006738,1,Informação,,,,N,,,2025/02/14,
300000006739,1,Informação,00:00:05,,,N,,,2025/02/14,
300000006740,1,Informação,00:08:28,cli,,N,,,2025/02/14,
300000006741,1,Caixa Postal,00:00:00,VE,10000000104760,N,,,2025/02/14,
300000006742,1,Caixa Postal,00:00:09,Cli,10000000108465,N,,,2025/02/14,
300000006743,1,Contato de Finalizacao do Protocolo,00:02:41,Cli,,S,Sim,10.0,2025/02/14,Email19156
300000006744,1,Não Atende,,,10000000108523,N,,,2025/02/14,
300000006745,1,Não Atende,00:00:07,,10000000108523,N,,,2025/02/14,
300000006746,1,Ligação Muda,,VE,10000000106139,N,,,2025/02/14,
300000006747,1,Informação,00:05:43,VE,10000000106139,N,,,2025/02/14,
300000006748,1,Informação,00:01:51,CLI,10000000108054,N,,,2025/02/14,
300000006749,1,Informação,,CLI,,N,,,2025/02/14,
300000006750,1,Informação,00:01:07,VE,,N,,,2025/02/14,
300000006751,1,Chamada Não Atendida,00:00:04,VE,10000000107686,N,,,2025/02/14,
300000006752,1,Chamada Não Atendida,00:00:00,VE,10000000107686,N,,,2025/02/14,
300000006753,1,Caixa Postal,00:00:05,,10000000108789,N,,,2025/02/13,
300000006754,1,Chamada Não Atendida,,VE,10000000109127,N,,,2025/02/13,
300000006755,1,Protocolo Permanecera em Andamento,00:02:04,VE,10000000109127,N,,,2025/02/13,
300000006756,1,Chamada Não Atendida,00:00:04,VE,,N,,,2025/02/13,
300000006757,1,Protocolo Permanecera em Andamento,00:05:07,VE,10000000109127,N,,,2025/02/13,
300000006758,1,Caixa Postal,00:00:03,VE,,N,,,2025/02/13,
300000006759,1,Informação,00:01:24,VE,,N,,,2025/02/13,
300000006760,1,Caixa Postal,,VE,,N,,,2025/02/13,
300000006761,1,Caixa Postal,00:00:05,VE,10000000108842,N,,,2025/02/13,
300000006762,1,URA Pesquisa NPS,00:01:36,VE,10000000108842,S,Sim,10.0,2025/02/13,Email296
300000006763,1,Caixa Postal,00:00:03,Vendedor,10000000109225,N,,,2025/02/13,
300000006764,1,Informação,00:02:17,CLI,10000000108034,N,,,2025/02/13,
300000006765,1,URA Pesquisa NPS,00:01:24,Vendedor,10000000109433,S,Sim,10.0,2025/02/13,Email48442
300000006766,1,Sent To Voicemail,00:04:26,VE,10000000109191,S,Sim,10.0,2025/02/13,Email296
300000006767,1,Chamada Não Atendida,00:00:10,VE,10000000106872,N,,,2025/02/13,
300000006768,1,Chamada Não Atendida,00:00:04,VE,10000000106872,N,,,2025/02/13,
300000006769,1,Caixa Postal,00:00:04,cli,,N,,,2025/02/13,
300000006770,1,Informação,00:00:46,cli,10000000105624,N,,,2025/02/13,
300000006771,1,Informação,00:01:01,Cli,,N,,,2025/02/13,
300000006772,1,Informação,,,,N,,,2025/02/13,
300000006773,1,Caixa Postal,00:00:05,VE,,N,,,2025/02/13,
300000006774,1,Contato de Finalizacao do Protocolo,00:01:00,VE,,N,,,2025/02/13,
300000006775,1,Caixa Postal,,VE,,N,,,2025/02/13,
300000006776,1,Informação,00:00:43,VE,,N,,,2025/02/13,
300000006777,1,Informação,00:04:18,VE,10000000108489,N,,,2025/02/13,
300000006778,1,Protocolo Permanecera em Andamento,00:02:10,VE,10000000108377,N,,,2025/02/13,
300000006779,1,URA Pesquisa NPS,00:02:00,CLI,10000000108787,S,Sim,10.0,2025/02/13,Email11179
300000006780,1,Contato de Finalizacao do Protocolo,00:03:54,VE,,N,,,2025/02/13,
300000006781,1,URA Pesquisa NPS,00:01:24,VE,10000000109120,S,Sim,10.0,2025/02/13,Email329
300000006782,1,Contato de Finalizacao do Protocolo,00:07:10,VE,10000000103998,N,,,2025/02/13,
300000006783,1,URA Pesquisa NPS,00:02:18,VE,10000000108699,S,Sim,10.0,2025/02/12,Email4355
300000006784,1,Informação,00:00:10,Cliente,,N,,,2025/02/12,
300000006785,1,Caixa Postal,00:00:10,Cli,10000000109896,N,,,2025/02/12,
300000006786,1,Caixa Postal,,Cli,10000000109896,N,,,2025/02/12,
300000006787,1,Informação,,VE,,N,,,2025/02/12,
300000006788,1,Informação,,VE,,N,,,2025/02/12,
300000006789,1,Não Atende,00:00:10,,10000000108789,N,,,2025/02/12,
300000006790,1,Caixa Postal,,VE,,N,,,2025/02/12,
300000006791,1,Chamada Não Atendida,00:00:01,Cli,10000000109896,N,,,2025/02/12,
300000006792,1,Caixa Postal,,VE,,N,,,2025/02/12,
300000006793,1,Caixa Postal,00:00:00,Cli,10000000109896,N,,,2025/02/12,
300000006794,1,Caixa Postal,,VE,,N,,,2025/02/12,
300000006795,1,Caixa Postal,,cli,,N,,,2025/02/12,
300000006796,1,URA Pesquisa NPS,00:04:10,VE,10000000110138,S,Sim,10.0,2025/02/12,Email5371
300000006797,1,Cliente Desligou,00:00:11,CLI,10000000109895,N,,,2025/02/12,
300000006798,1,Cliente Desligou,00:00:09,CLI,10000000109895,N,,,2025/02/12,
300000006799,1,Informação,,VE,10000000110134,N,,,2025/02/12,
300000006800,1,URA Pesquisa NPS,00:02:06,VE,10000000110134,S,Sim,10.0,2025/02/12,Email5371
300000006801,1,Caixa Postal,00:00:03,Cli,,N,,,2025/02/12,
300000006802,1,Caixa Postal,00:00:05,Cli,10000000109509,N,,,2025/02/12,
300000006803,1,Informação,,VE,,N,,,2025/02/12,
300000006804,1,Caixa Postal,00:00:01,Cli,,N,,,2025/02/12,
300000006805,1,Caixa Postal,00:00:03,VE,,N,,,2025/02/12,
300000006806,1,Caixa Postal,00:00:10,VE,,N,,,2025/02/12,
300000006807,1,Agent Error,00:02:38,VE,,N,,,2025/02/12,
300000006808,1,Chamada Não Atendida,,CLI,10000000109895,N,,,2025/02/12,
300000006809,1,Cliente Desligou,00:00:08,CLI,10000000109895,N,,,2025/02/12,
300000006810,1,Caixa Postal,,VE,,N,,,2025/02/12,
300000006811,1,Caixa Postal,,VE,,N,,,2025/02/12,
300000006812,1,Chamada Não Atendida,00:00:05,VE,10000000110096,N,,,2025/02/12,
300000006813,1,Chamada Não Atendida,,VE,10000000110096,N,,,2025/02/12,
300000006814,1,Caixa Postal,00:00:12,CLI,10000000110243,N,,,2025/02/12,
300000006815,1,Chamada Não Atendida,,VE,10000000109999,N,,,2025/02/12,
300000006816,1,Chamada Não Atendida,,VE,10000000109999,N,,,2025/02/12,
300000006817,1,Chamada Não Atendida,00:00:01,VE,10000000109999,N,,,2025/02/12,
300000006818,1,Chamada Não Atendida,,VE,10000000109999,N,,,2025/02/12,
300000006819,1,Caixa Postal,00:00:01,VE,10000000110244,N,,,2025/02/12,
300000006820,1,Informação,00:00:30,,,N,,,2025/02/12,
300000006821,1,Chamada Não Atendida,00:00:04,VE,10000000109999,N,,,2025/02/12,
300000006822,1,Chamada Não Atendida,,VE,,N,,,2025/02/12,
300000006823,1,Contato de Finalizacao do Protocolo,00:01:18,VE,,N,,,2025/02/12,
300000006824,1,Caixa Postal,00:00:05,VE,10000000109593,N,,,2025/02/12,
300000006825,1,Caixa Postal,00:00:00,VE,10000000109593,N,,,2025/02/12,
300000006826,1,Cliente Desligou,00:00:01,CLI,10000000110243,N,,,2025/02/12,
300000006827,1,Caixa Postal,,VE,10000000110244,N,,,2025/02/12,
300000006828,1,Chamada Não Atendida,00:00:04,VE,10000000110031,N,,,2025/02/12,
300000006829,1,Chamada Não Atendida,00:00:04,VE,,N,,,2025/02/12,
300000006830,1,Informação,00:00:18,VE,,N,,,2025/02/12,
300000006831,1,Informação,00:00:11,VE,,N,,,2025/02/12,
300000006832,1,Informação,00:00:10,,,N,,,2025/02/12,
300000006833,1,Caixa Postal,00:00:01,cli,10000000107086,N,,,2025/02/12,
300000006834,1,Caixa Postal,00:00:03,cli,10000000107086,N,,,2025/02/12,
300000006835,1,URA Pesquisa NPS,00:01:32,CLI,10000000109404,S,Sim,8.0,2025/02/12,Email364
300000006836,1,Caixa Postal,00:00:05,Cli,,N,,,2025/02/12,
300000006837,1,URA Pesquisa NPS,00:04:37,VE,10000000109509,S,Sim,10.0,2025/02/12,Email4355
300000006838,1,URA Pesquisa NPS,00:01:07,Cli,10000000110248,S,,,2025/02/12,Email1768
300000006839,1,Informação,,DTM,,N,,,2025/02/12,
300000006840,1,Informação,,VE,,N,,,2025/02/12,
300000006841,1,Caixa Postal,00:00:04,,10000000108789,N,,,2025/02/12,
300000006842,1,Informação,00:01:47,VE,,N,,,2025/02/12,
300000006843,1,Caixa Postal,00:00:05,ve,10000000109988,N,,,2025/02/12,
300000006844,1,Chamada Não Atendida,,CLI,,N,,,2025/02/12,
300000006845,1,Caixa Postal,00:00:03,CLI,,N,,,2025/02/12,
300000006846,1,Não Atende,,,,N,,,2025/02/12,
300000006847,1,Caixa Postal,00:00:03,VE,,N,,,2025/02/12,
300000006848,1,Caixa Postal,00:00:14,VE,,N,,,2025/02/11,
300000006849,1,URA Pesquisa NPS,00:03:28,VE,10000000110741,S,Sim,10.0,2025/02/11,Email1768
300000006850,1,Caixa Postal,00:04:37,VE,10000000109205,N,,,2025/02/11,
300000006851,1,Chamada Não Atendida,00:00:01,VE,10000000110735,N,,,2025/02/11,
300000006852,1,Chamada Não Atendida,,VE,10000000110735,N,,,2025/02/11,
300000006853,1,URA Pesquisa NPS,00:06:13,VE,10000000110833,S,Sim,10.0,2025/02/11,Email1768
300000006854,1,Caixa Postal,00:00:05,,,N,,,2025/02/11,
300000006855,1,URA Pesquisa NPS,00:03:28,VE,10000000110762,S,Sim,9.0,2025/02/11,Email4355
300000006856,1,Caixa Postal,,,,N,,,2025/02/11,
300000006857,1,Informação,00:01:28,,,N,,,2025/02/11,
300000006858,1,Contato de Finalizacao do Protocolo,00:01:50,VE,,N,,,2025/02/11,
300000006859,1,URA Pesquisa NPS,00:02:10,VE,10000000110735,S,Sim,,2025/02/11,Email1768
300000006860,1,URA Pesquisa NPS,00:01:38,CLI,10000000111054,S,,,2025/02/11,Email11179
300000006861,1,Caixa Postal,00:00:01,VE,10000000110739,N,,,2025/02/11,
300000006862,1,Caixa Postal,,,,N,,,2025/02/11,
300000006863,1,Caixa Postal,,VE,10000000110560,N,,,2025/02/11,
300000006864,1,Caixa Postal,,VE,,N,,,2025/02/11,
300000006865,1,Caixa Postal,00:00:02,VE,,N,,,2025/02/11,
300000006866,1,Informação,00:00:07,VE,,N,,,2025/02/11,
300000006867,1,Caixa Postal,,VE,,N,,,2025/02/11,
300000006868,1,URA Pesquisa NPS,00:00:53,Cliente,10000000111028,S,Sim,10.0,2025/02/11,Email8754
300000006869,1,Cliente Desligou,00:00:01,CLI,,N,,,2025/02/11,
300000006870,1,Caixa Postal,,CLI,10000000110354,N,,,2025/02/11,
300000006871,1,Caixa Postal,,VE,,N,,,2025/02/11,
300000006872,1,URA Pesquisa NPS,00:01:00,CLI,10000000111073,S,,,2025/02/11,Email329
300000006873,1,Informação,00:01:43,VE,,N,,,2025/02/11,
300000006874,1,Caixa Postal,,cli,,N,,,2025/02/11,
300000006875,1,Caixa Postal,00:01:57,cli,10000000110199,N,,,2025/02/11,
300000006876,1,URA Pesquisa NPS,00:03:51,VE,10000000110560,S,Sim,10.0,2025/02/11,Email329
300000006877,1,Caixa Postal,00:03:37,VE,10000000231290,N,,,2025/02/11,
300000006878,1,Chamada Não Atendida,,VE,10000000110835,N,,,2025/02/11,
300000006879,1,Ocupado,00:00:24,VE,10000000110835,N,,,2025/02/11,
300000006880,1,Caixa Postal,00:00:00,CLI,,N,,,2025/02/11,
300000006881,1,Não Atende,,Cliente,10000000111025,N,,,2025/02/11,
300000006882,1,Caixa Postal,,VE,10000000110863,N,,,2025/02/11,
300000006883,1,URA Pesquisa NPS,00:03:48,VE,10000000110863,S,Sim,10.0,2025/02/11,Email1768
300000006884,1,Chamada Não Atendida,,CLI,10000000110354,N,,,2025/02/11,
300000006885,1,Chamada Não Atendida,00:00:02,CLI,,N,,,2025/02/11,
300000006886,1,Caixa Postal,00:00:05,cli,10000000108696,N,,,2025/02/11,
300000006887,1,Caixa Postal,,cli,10000000108696,N,,,2025/02/11,
300000006888,1,Protocolo Permanecera em Andamento,00:08:35,Cli,10000000110349,N,,,2025/02/11,
300000006889,1,Caixa Postal,,CLI,10000000111055,N,,,2025/02/11,
300000006890,1,Informação,00:00:09,,,N,,,2025/02/11,
300000006891,1,Chamada Não Atendida,,,,N,,,2025/02/11,
300000006892,1,Caixa Postal,00:00:03,,,N,,,2025/02/11,
300000006893,1,URA Pesquisa NPS,00:02:02,VE,10000000110745,S,Sim,9.0,2025/02/11,Email19156
300000006894,1,Caixa Postal,,CLI,10000000106954,N,,,2025/02/11,
300000006895,1,Informação,00:05:13,VE,,N,,,2025/02/11,
300000006896,1,Caixa Postal,,VE,,N,,,2025/02/11,
300000006897,1,Caixa Postal,,VE,10000000108478,N,,,2025/02/11,
300000006898,1,Chamada Não Atendida,,CLI ,10000000110142,N,,,2025/02/11,
300000006899,1,Chamada Não Atendida,00:00:12,CLI ,10000000110142,N,,,2025/02/11,
300000006900,1,Caixa Postal,,,,N,,,2025/02/11,
300000006901,1,URA Pesquisa NPS,00:13:57,,,S,Sim,8.0,2025/02/11,Email329
300000006902,1,Informação,00:03:05,cli,1000000098171,N,,,2025/02/11,
300000006903,1,URA Pesquisa NPS,00:06:22,VE,10000000110736,S,Sim,10.0,2025/02/11,Email1768
300000006904,1,URA Pesquisa NPS,00:02:47,VE,1000000099256,S,Sim,10.0,2025/02/11,Email296
300000006905,1,URA Pesquisa NPS,00:02:45,VE,10000000110903,S,Sim,10.0,2025/02/11,Email329
300000006906,1,Informação,00:04:45,CLI,10000000110565,N,,,2025/02/11,
300000006907,1,Chamada Não Atendida,00:00:01,VE,10000000110744,N,,,2025/02/11,
300000006908,1,Informação,00:01:11,VE,10000000108491,N,,,2025/02/11,
300000006909,1,URA Pesquisa NPS,00:01:46,VE,10000000110744,S,Sim,10.0,2025/02/11,Email1768
300000006910,1,URA Pesquisa NPS,00:03:36,CLI,10000000110352,S,Sim,10.0,2025/02/11,Email11179
300000006911,1,URA Pesquisa NPS,00:00:50,cliente,10000000111711,S,Sim,9.0,2025/02/10,Email8754
300000006912,1,URA Pesquisa NPS,00:01:47,VE,,S,Sim,10.0,2025/02/10,Email1768
300000006913,1,Chamada Não Atendida,00:00:07,CLI,10000000108705,N,,,2025/02/10,
300000006914,1,Chamada Não Atendida,00:00:07,CLI,10000000108705,N,,,2025/02/10,
300000006915,1,Caixa Postal,00:00:11,Cli,,N,,,2025/02/10,
300000006916,1,Caixa Postal,00:00:05,Cli,,N,,,2025/02/10,
300000006917,1,Chamada Não Atendida,,VE,,N,,,2025/02/10,
300000006918,1,Chamada Não Atendida,,VE,,N,,,2025/02/10,
300000006919,1,URA Pesquisa NPS,00:03:36,VE,10000000111456,S,Sim,10.0,2025/02/10,Email1768
300000006920,1,Caixa Postal,00:00:03,cliente,10000000111706,N,,,2025/02/10,
300000006921,1,URA Pesquisa NPS,00:01:08,cliente,10000000111706,S,Sim,9.0,2025/02/10,Email8754
300000006922,1,Caixa Postal,00:00:17,VE,,N,,,2025/02/10,
300000006923,1,URA Pesquisa NPS,00:04:27,VE,10000000110136,S,Sim,10.0,2025/02/10,Email4355
300000006924,1,Ocupado,,Cliente,10000000111724,N,,,2025/02/10,
300000006925,1,Caixa Postal,,,,N,,,2025/02/10,
300000006926,1,Caixa Postal,,,,N,,,2025/02/10,
300000006927,1,URA Pesquisa NPS,00:01:01,VE,10000000111458,S,Sim,10.0,2025/02/10,Email1768
300000006928,1,URA Pesquisa NPS,00:01:03,Cliente,10000000111726,S,Sim,10.0,2025/02/10,Email8754
300000006929,1,Caixa Postal,,VE,10000000107019,N,,,2025/02/10,
300000006930,1,Ocupado,,Cliente,10000000111710,N,,,2025/02/10,
300000006931,1,Caixa Postal,,,,N,,,2025/02/10,
300000006932,1,Caixa Postal,00:00:01,,,N,,,2025/02/10,
300000006933,1,Agent Error,00:03:37,VE,,N,,,2025/02/10,
300000006934,1,URA Pesquisa NPS,00:00:49,VE,10000000107904,S,Sim,10.0,2025/02/10,Email296
300000006935,1,Caixa Postal,,Cliente,10000000111721,N,,,2025/02/10,
300000006936,1,Chamada Não Atendida,00:00:05,VE,10000000110833,N,,,2025/02/10,
300000006937,1,Protocolo Permanecera em Andamento,00:02:49,VE,10000000110833,N,,,2025/02/10,
300000006938,1,Caixa Postal,,cli,10000000111001,N,,,2025/02/10,
300000006939,1,Caixa Postal,,cli,,N,,,2025/02/10,
300000006940,1,Caixa Postal,00:00:02,VE,,N,,,2025/02/10,
300000006941,1,Caixa Postal,,cli,,N,,,2025/02/10,
300000006942,1,Não Atende,,VE,,N,,,2025/02/10,
300000006943,1,Informação,00:02:51,cli,1000000098558,N,,,2025/02/10,
300000006944,1,Não Atende,,VE,,N,,,2025/02/10,
300000006945,1,Chamada Não Atendida,,VE,10000000111448,N,,,2025/02/10,
300000006946,1,Chamada Não Atendida,00:00:06,VE,10000000111448,N,,,2025/02/10,
300000006947,1,Caixa Postal,00:00:04,VE,10000000231291,N,,,2025/02/10,
300000006948,1,Caixa Postal,,VE,,N,,,2025/02/10,
300000006949,1,Caixa Postal,00:00:11,VE,,N,,,2025/02/10,
300000006950,1,Caixa Postal,,VE,,N,,,2025/02/10,
300000006951,1,Caixa Postal,,VE,,N,,,2025/02/10,
300000006952,1,URA Pesquisa NPS,00:03:55,VE,10000000111465,S,Sim,10.0,2025/02/10,Email1768
300000006953,1,Caixa Postal,00:00:03,Cliente,10000000111023,N,,,2025/02/10,
300000006954,1,URA Pesquisa NPS,00:10:20,VE,10000000111647,S,Sim,9.0,2025/02/10,Email4194
300000006955,1,Ocupado,,CLI,10000000111054,N,,,2025/02/10,
300000006956,1,URA Pesquisa NPS,00:01:18,VE,10000000111137,S,Sim,10.0,2025/02/10,Email364
300000006957,1,Chamada Não Atendida,00:00:05,VE,10000000106872,N,,,2025/02/10,
300000006958,1,Chamada Não Atendida,00:00:06,VE,,N,,,2025/02/10,
300000006959,1,Caixa Postal,00:00:08,VE,10000000111756,N,,,2025/02/10,
300000006960,1,URA Pesquisa NPS,00:03:59,CLI,10000000111054,S,,,2025/02/10,Email11179
300000006961,1,Contato de Finalizacao do Protocolo,00:03:22,VE,10000000111529,N,,,2025/02/10,
300000006962,1,Contato de Finalizacao do Protocolo,00:03:03,VE,10000000110737,N,,,2025/02/10,
300000006963,1,Caixa Postal,,CLI,10000000111794,N,,,2025/02/07,
300000006964,1,URA Pesquisa NPS,00:00:53,CLI,10000000112415,S,Sim,10.0,2025/02/07,Email45
300000006965,1,Contato de Finalizacao do Protocolo,00:01:10,VE,,N,,,2025/02/07,
300000006966,1,Caixa Postal,00:00:04,VE,10000000112417,N,,,2025/02/07,
300000006967,1,Não Atende,,CLI,10000000111794,N,,,2025/02/07,
300000006968,1,URA Pesquisa NPS,00:01:23,VE,10000000110896,S,Sim,10.0,2025/02/07,Email296
300000006969,1,Chamada Não Atendida,00:00:10,VE,,N,,,2025/02/07,
300000006970,1,Chamada Não Atendida,00:00:10,VE,10000000112134,N,,,2025/02/07,
300000006971,1,Caixa Postal,00:00:00,VE,10000000257947,N,,,2025/02/07,
300000006972,1,Chamada Não Atendida,00:00:04,VE,10000000112209,N,,,2025/02/07,
300000006973,1,Chamada Não Atendida,00:00:01,VE,10000000112209,N,,,2025/02/07,
300000006974,1,Protocolo Permanecera em Andamento,00:08:48,VE,,N,,,2025/02/07,
300000006975,1,Caixa Postal,,VE,10000000111551,N,,,2025/02/07,
300000006976,1,URA Pesquisa NPS,00:01:10,CLI,,S,Sim,10.0,2025/02/07,Email48442
300000006977,1,Sent To Voicemail,00:07:44,ve,,S,Sim,10.0,2025/02/07,Email296
300000006978,1,URA Pesquisa NPS,00:01:40,VE,10000000112155,S,Sim,10.0,2025/02/07,Email329
300000006979,1,Não Atende,,Cliente,10000000112387,N,,,2025/02/07,
300000006980,1,Não Atende,,Cliente,10000000112387,N,,,2025/02/07,
300000006981,1,Caixa Postal,00:00:10,VE,10000000112137,N,,,2025/02/07,
300000006982,1,Caixa Postal,,cli,,N,,,2025/02/07,
300000006983,1,Chamada Não Atendida,,VE,10000000111975,N,,,2025/02/07,
300000006984,1,Contato de Finalizacao do Protocolo,00:01:34,VE,,N,,,2025/02/07,
300000006985,1,Caixa Postal,00:00:12,VE,,N,,,2025/02/07,
300000006986,1,URA Pesquisa NPS,00:00:53,VE,10000000112143,S,Sim,10.0,2025/02/07,Email1768
300000006987,1,Chamada Não Atendida,00:00:00,VE,10000000111875,N,,,2025/02/07,
300000006988,1,URA Pesquisa NPS,00:03:02,Cli,10000000111875,S,Sim,10.0,2025/02/07,Email1768
300000006989,1,Chamada Não Atendida,,CLI ,10000000113688,N,,,2025/02/06,
300000006990,1,Chamada Não Atendida,,CLI ,10000000113688,N,,,2025/02/06,
300000006991,1,Chamada Não Atendida,,CLI ,10000000113688,N,,,2025/02/06,
300000006992,1,URA Pesquisa NPS,00:01:29,CLI,10000000112478,S,,,2025/02/06,Email11179
300000006993,1,Sent To Voicemail,00:02:09,VE,10000000112790,S,Sim,10.0,2025/02/06,Email1768
300000006994,1,Caixa Postal,00:00:01,cliente,10000000111711,N,,,2025/02/06,
300000006995,1,Caixa Postal,,cliente,,N,,,2025/02/06,
300000006996,1,Caixa Postal,00:00:03,Cliente ,,N,,,2025/02/06,
300000006997,1,URA Pesquisa NPS,00:05:09,CLI,10000000112477,S,Sim,10.0,2025/02/06,Email364
300000006998,1,Ligação Muda,00:00:11,,,N,,,2025/02/06,
300000006999,1,Contato de Finalizacao do Protocolo,00:03:44,,,N,,,2025/02/06,
300000007000,1,Informação,00:07:12,VE,,N,,,2025/02/06,
300000007001,1,Informação,00:02:54,cli,1000000098558,N,,,2025/02/06,
300000007002,1,Protocolo Permanecera em Andamento,00:01:32,Cliente,10000000111726,N,,,2025/02/06,
300000007003,1,Cliente Desligou,00:00:22,,10000000112476,N,,,2025/02/06,
300000007004,1,URA Pesquisa NPS,00:06:47,,10000000112476,S,Sim,10.0,2025/02/06,Email45
300000007005,1,Ligação Muda,00:00:10,VE,,N,,,2025/02/06,
300000007006,1,Ligação Muda,,VE,,N,,,2025/02/06,
300000007007,1,Ligação Muda,,VE,,N,,,2025/02/06,
300000007008,1,Informação,00:00:18,VE,,N,,,2025/02/06,
300000007009,1,Informação,00:02:14,VE,,N,,,2025/02/06,
300000007010,1,Caixa Postal,,VE,,N,,,2025/02/06,
300000007011,1,Caixa Postal,,VE,,N,,,2025/02/06,
300000007012,1,Caixa Postal,,VE,,N,,,2025/02/06,
300000007013,1,Ligação Muda,00:00:08,VE,,N,,,2025/02/06,
300000007014,1,Caixa Postal,,VE,,N,,,2025/02/06,
300000007015,1,Informação,00:06:00,Cli,,N,,,2025/02/06,
300000007016,1,URA Pesquisa NPS,00:09:20,VE,10000000112488,S,Sim,10.0,2025/02/06,Email4355
300000007017,1,Informação,00:02:05,VE,10000000110842,N,,,2025/02/06,
300000007018,1,Caixa Postal,00:00:05,CLI ,10000000257948,N,,,2025/02/06,
300000007019,1,Cliente Desligou,00:00:05,CLI ,10000000112330,N,,,2025/02/06,
300000007020,1,Ligação Muda,,CLI,10000000111795,N,,,2025/02/06,
300000007021,1,Não Atende,00:01:01,CLI,10000000111795,N,,,2025/02/06,
300000007022,1,Ligação Muda,00:00:15,VE,,N,,,2025/02/05,
300000007023,1,URA Pesquisa NPS,00:03:13,VE,10000000113634,S,Sim,10.0,2025/02/05,Email4355
300000007024,1,Chamada Não Atendida,00:00:04,VE,10000000112878,N,,,2025/02/05,
300000007025,1,URA Pesquisa NPS,00:06:51,CLI,10000000111794,S,Sim,10.0,2025/02/05,Email45
300000007026,1,Caixa Postal,00:00:05,VE,10000000113763,N,,,2025/02/05,
300000007027,1,Caixa Postal,,VE,,N,,,2025/02/05,
300000007028,1,URA Pesquisa NPS,00:01:37,VE,10000000113845,S,Sim,10.0,2025/02/05,Email296
300000007029,1,Caixa Postal,00:00:05,CLI,10000000113648,N,,,2025/02/05,
300000007030,1,URA Pesquisa NPS,00:12:14,VE,10000000106878,S,Sim,10.0,2025/02/05,Email1768
300000007031,1,URA Pesquisa NPS,00:01:35,VE,10000000113762,S,Sim,10.0,2025/02/05,Email4355
300000007032,1,Sent To Voicemail,00:02:25,VE,10000000113549,S,Sim,10.0,2025/02/05,Email1768
300000007033,1,Caixa Postal,,,,N,,,2025/02/05,
300000007034,1,Protocolo Permanecera em Andamento,00:05:47,VE,10000000112790,N,,,2025/02/05,
300000007035,1,Atendimento exclusivo por email,00:00:04,CLI,10000000113672,N,,,2025/02/05,
300000007036,1,Protocolo Permanecera em Andamento,00:03:47,VE,10000000111451,N,,,2025/02/05,
300000007037,1,Ligação Muda,,,,N,,,2025/02/05,
300000007038,1,Contato de Finalizacao do Protocolo,00:04:48,,,N,,,2025/02/05,
300000007039,1,Responsavel ausente,00:00:12,CLI,10000000113832,N,,,2025/02/05,
300000007040,1,Caixa Postal,00:00:03,VE,,N,,,2025/02/05,
300000007041,1,Caixa Postal,,CLI,10000000108034,N,,,2025/02/05,
300000007042,1,Caixa Postal,00:00:01,VE,10000000113540,N,,,2025/02/05,
300000007043,1,Caixa Postal,,Cliente,10000000113118,N,,,2025/02/05,
300000007044,1,Não Atende,,Cliente,10000000113118,N,,,2025/02/05,
300000007045,1,Informação,00:03:12,VE,,N,,,2025/02/05,
300000007046,1,Informação,00:00:05,,,N,,,2025/02/05,
300000007047,1,Caixa Postal,00:00:04,CLI,10000000112478,N,,,2025/02/05,
300000007048,1,URA Pesquisa NPS,00:02:35,VE,10000000113551,S,Sim,10.0,2025/02/05,Email1768
300000007049,1,Caixa Postal,,CLI,10000000112477,N,,,2025/02/05,
300000007050,1,Cliente Desligou,00:00:28,CLI,10000000114590,N,,,2025/02/04,
300000007051,1,Ligação Muda,,CLI,,N,,,2025/02/04,
300000007052,1,Caixa Postal,00:00:01,CLI,10000000114590,N,,,2025/02/04,
300000007053,1,Caixa Postal,00:00:01,VE,10000000114254,N,,,2025/02/04,
300000007054,1,Caixa Postal,,cli,,N,,,2025/02/04,
300000007055,1,Ligação Muda,00:00:25,cli,,N,,,2025/02/04,
300000007056,1,Caixa Postal,00:00:04,VE,10000000114599,N,,,2025/02/04,
300000007057,1,Caixa Postal,00:00:04,VE,,N,,,2025/02/04,
300000007058,1,Caixa Postal,00:00:04,VE,,N,,,2025/02/04,
300000007059,1,Caixa Postal,00:00:03,CLI,,N,,,2025/02/04,
300000007060,1,Não Atende,,cliente,10000000114568,N,,,2025/02/04,
300000007061,1,Caixa Postal,00:00:14,VE,,N,,,2025/02/04,
300000007062,1,Contato de Finalizacao do Protocolo,00:02:22,VE,10000000114428,N,,,2025/02/04,
300000007063,1,Chamada Não Atendida,00:00:06,Cli,10000000114465,N,,,2025/02/04,
300000007064,1,Caixa Postal,00:00:01,Cli,10000000114465,N,,,2025/02/04,
300000007065,1,URA Pesquisa NPS,00:01:14,VE,10000000114437,S,Sim,10.0,2025/02/04,Email1768
300000007066,1,Caixa Postal,00:00:18,VE,,N,,,2025/02/04,
300000007067,1,URA Pesquisa NPS,00:02:10,VE,10000000114617,S,Sim,9.0,2025/02/04,Email1768
300000007068,1,Não Atende,00:00:00,Cliente ,,N,,,2025/02/04,
300000007069,1,URA Pesquisa NPS,00:04:07,VE,,S,Sim,10.0,2025/02/04,Email296
300000007070,1,Não Atende,,Cliente ,,N,,,2025/02/04,
300000007071,1,Caixa Postal,00:00:20,,,N,,,2025/02/04,
300000007072,1,Caixa Postal,,,,N,,,2025/02/04,
300000007073,1,Caixa Postal,00:00:20,,,N,,,2025/02/04,
300000007074,1,Caixa Postal,,Cli,10000000114465,N,,,2025/02/04,
300000007075,1,Caixa Postal,,Cli,,N,,,2025/02/04,
300000007076,1,Informação,00:05:04,VE,,N,,,2025/02/04,
300000007077,1,URA Pesquisa NPS,00:02:41,VE,10000000114255,S,Sim,10.0,2025/02/04,Email19156
300000007078,1,Informação,,VE,,N,,,2025/02/04,
300000007079,1,Informação,,VE,,N,,,2025/02/04,
300000007080,1,Não Atende,,VE,,N,,,2025/02/04,
300000007081,1,Chamada Não Atendida,00:00:00,VE,10000000114012,N,,,2025/02/04,
300000007082,1,Chamada Não Atendida,00:00:04,VE,10000000114012,N,,,2025/02/04,
300000007083,1,Caixa Postal,00:00:01,CLI,10000000114589,N,,,2025/02/04,
300000007084,1,Caixa Postal,,CLI,,N,,,2025/02/04,
300000007085,1,Informação,00:03:08,VE,,N,,,2025/02/04,
300000007086,1,URA Pesquisa NPS,00:03:42,VE,10000000111036,S,Sim,10.0,2025/02/04,Email4355
300000007087,1,Não Atende,00:00:00,VE,10000000114477,N,,,2025/02/04,
300000007088,1,Não Atende,,VE,,N,,,2025/02/04,
300000007089,1,URA Pesquisa NPS,00:01:25,VE,10000000114012,S,Sim,10.0,2025/02/04,Email1768
300000007090,1,URA Pesquisa NPS,00:01:19,VE,10000000114363,S,Sim,10.0,2025/02/04,Email11179
300000007091,1,URA Pesquisa NPS,00:01:52,VE,10000000231282,S,Sim,10.0,2025/02/04,Email1768
300000007092,1,URA Pesquisa NPS,00:01:07,CLI,10000000113878,S,Sim,10.0,2025/02/04,Email1768
300000007093,1,URA Pesquisa NPS,00:01:28,VE,10000000107903,S,Sim,10.0,2025/02/04,Email5556
300000007094,1,Não Atende,,VE,10000000111524,N,,,2025/02/04,
300000007095,1,Caixa Postal,00:00:06,VE,10000000111524,N,,,2025/02/04,
300000007096,1,Caixa Postal,00:00:07,Ve,,N,,,2025/02/04,
300000007097,1,Informação,00:01:34,ve,,N,,,2025/02/04,
300000007098,1,Protocolo Permanecera em Andamento,00:05:00,VE,10000000113715,N,,,2025/02/04,
300000007099,1,URA Pesquisa NPS,00:00:49,VE,10000000114592,S,Sim,10.0,2025/02/04,Email296
300000007100,1,Ligação Muda,,ve,,N,,,2025/02/04,
300000007101,1,Ligação Muda,,ve,,N,,,2025/02/04,
300000007102,1,Informação,00:02:51,VE,,N,,,2025/02/04,
300000007103,1,Chamada Não Atendida,00:00:08,VE,1000000097071,N,,,2025/02/04,
300000007104,1,Caixa Postal,00:00:51,CLI,10000000114616,N,,,2025/02/04,
300000007105,1,URA Pesquisa NPS,00:00:56,VE,10000000111043,S,Sim,10.0,2025/02/04,Email5556
300000007106,1,Caixa Postal,,VE,,N,,,2025/02/04,
300000007107,1,Caixa Postal,,VE,,N,,,2025/02/04,
300000007108,1,Caixa Postal,00:00:03,,,N,,,2025/02/03,
300000007109,1,Caixa Postal,00:00:03,,,N,,,2025/02/03,
300000007110,1,URA Pesquisa NPS,00:06:48,VE,10000000115146,S,Sim,10.0,2025/02/03,Email1768
300000007111,1,Não Atende,,Cli,10000000113816,N,,,2025/02/03,
300000007112,1,Caixa Postal,,Cli,10000000113816,N,,,2025/02/03,
300000007113,1,Caixa Postal,00:00:01,VE,10000000115385,N,,,2025/02/03,
300000007114,1,URA Pesquisa NPS,00:03:54,VE,10000000115310,S,Sim,10.0,2025/02/03,Email296
300000007115,1,URA Pesquisa NPS,00:00:55,Vendedor,10000000115407,S,Sim,10.0,2025/02/03,Email296
300000007116,1,Caixa Postal,00:00:01,,10000000115220,N,,,2025/02/03,
300000007117,1,Contato de Finalizacao do Protocolo,00:01:20,cli,10000000115075,N,,,2025/02/03,
300000007118,1,URA Pesquisa NPS,00:00:32,VE,10000000115291,S,Sim,10.0,2025/02/03,Email296
300000007119,1,URA Pesquisa NPS,00:00:33,VE,10000000114864,S,Sim,10.0,2025/02/03,Email296
300000007120,1,URA Pesquisa NPS,00:01:11,VE,10000000115258,S,Sim,10.0,2025/02/03,Email4355
300000007121,1,Não Atende,,CLI,10000000115038,N,,,2025/02/03,
300000007122,1,Informação,,,,N,,,2025/02/03,
300000007123,1,Caixa Postal,00:00:04,CLI,10000000115038,N,,,2025/02/03,
300000007124,1,Informação,,,,N,,,2025/02/03,
300000007125,1,URA Pesquisa NPS,00:03:52,VE,10000000115038,S,,,2025/02/03,Email19156
300000007126,1,Informação,,,,N,,,2025/02/03,
300000007127,1,Caixa Postal,00:00:06,VE,,N,,,2025/02/03,
300000007128,1,Caixa Postal,00:00:06,VE,,N,,,2025/02/03,
300000007129,1,Caixa Postal,00:00:17,Cli,10000000115378,N,,,2025/02/03,
300000007130,1,Caixa Postal,00:00:11,Cli,10000000115378,N,,,2025/02/03,
300000007131,1,Caixa Postal,,VE,,N,,,2025/02/03,
300000007132,1,Chamada Não Atendida,00:00:07,VE,10000000114262,N,,,2025/02/03,
300000007133,1,Chamada Não Atendida,,VE,10000000114262,N,,,2025/02/03,
300000007134,1,URA Pesquisa NPS,00:00:39,VE,10000000115277,S,Sim,10.0,2025/02/03,Email296
300000007135,1,Chamada Não Atendida,,VE,10000000115293,N,,,2025/02/03,
300000007136,1,Chamada Não Atendida,,VE,10000000115293,N,,,2025/02/03,
300000007137,1,Caixa Postal,00:00:07,VE,10000000115278,N,,,2025/02/03,
300000007138,1,URA Pesquisa NPS,00:00:37,VE,10000000115278,S,Sim,10.0,2025/02/03,Email296
300000007139,1,Não Atende,,Cli,10000000113816,N,,,2025/02/03,
300000007140,1,Caixa Postal,00:00:03,Cli,10000000113816,N,,,2025/02/03,
300000007141,1,URA Pesquisa NPS,00:01:18,VE,10000000115279,S,Sim,9.0,2025/02/03,Email1768
300000007142,1,Chamada Não Atendida,,VE,10000000115021,N,,,2025/02/03,
300000007143,1,Chamada Não Atendida,,VE,10000000115021,N,,,2025/02/03,
300000007144,1,Chamada Não Atendida,00:00:00,VE,10000000115037,N,,,2025/02/03,
300000007145,1,Chamada Não Atendida,00:00:00,VE,10000000115037,N,,,2025/02/03,
300000007146,1,Caixa Postal,00:00:10,VE,,N,,,2025/02/03,
300000007147,1,Protocolo Permanecera em Andamento,00:03:39,VE,10000000112882,N,,,2025/02/03,
300000007148,1,Caixa Postal,00:00:03,VE,,N,,,2025/02/03,
300000007149,1,Caixa Postal,00:00:04,VE,10000000115265,N,,,2025/02/03,
300000007150,1,Chamada Não Atendida,00:00:07,VE,10000000115021,N,,,2025/02/03,
300000007151,1,Caixa Postal,00:00:04,VE,10000000115021,N,,,2025/02/03,
300000007152,1,Caixa Postal,00:00:03,VE,,N,,,2025/02/03,
300000007153,1,Caixa Postal,00:00:06,VE,,N,,,2025/02/03,
300000007154,1,URA Pesquisa NPS,00:00:50,VE,10000000114713,S,Sim,10.0,2025/02/03,Email296
300000007155,1,Ligação Muda,,VE,10000000114681,N,,,2025/02/03,
300000007156,1,Caixa Postal,,VE,10000000114681,N,,,2025/02/03,
300000007157,1,URA Pesquisa NPS,00:05:39,VE,10000000114434,S,Sim,10.0,2025/02/03,Email329
